{
    "@class": "com.kony.gen.viz.model.component.KVizListBox",
    "DNDConfig": null,
    "__parentReadjusting__": false,
    "_height_": {
        "type": "string",
        "value": "40dp"
    },
    "_margin_": [
        0,
        0,
        0,
        0
    ],
    "_padding_": [
        5,
        0,
        0,
        0
    ],
    "_skin_": "s0e85e31265947afbe3aeb554329c667",
    "_top_": {
        "type": "string",
        "value": "5%"
    },
    "_width_": {
        "type": "string",
        "value": "85%"
    },
    "canUpdateUI": true,
    "centerx": {
        "type": "string",
        "value": "50%"
    },
    "containerweight": 100,
    "contentalignment": 4,
    "context": {
        "channel": "mobile",
        "formID": "frmNews",
        "platform": "iphone",
        "templateType": "forms",
        "topLevelBox": null
    },
    "groupcells": false,
    "id": "lstNewsType",
    "ide_onSelection": "AS_ListBox_hd2f432212e14465a9c43e7851249b51",
    "info": null,
    "isvisible": true,
    "kuid": "g63e1d1cf9b347e19097c98a36f733fd",
    "masterdata": [
        [
            "sports",
            "Sports"
        ],
        [
            "world",
            "World"
        ],
        [
            "entertainment",
            "Entertainment"
        ],
        [
            "none",
            "Select News Type"
        ]
    ],
    "name": "kony.ui.ListBox",
    "paddinginpixel": false,
    "parent": "frmNews",
    "pf": "frmNews",
    "selectedkey": "none",
    "selectedkeys": null,
    "selectedkeyvalue": [
        "none",
        "Select News Type"
    ],
    "selectedkeyvalues": null,
    "size": 18,
    "viewconfig": {
        "toggleViewConfig": {
            "viewStyle": 0
        }
    },
    "viewtype": 0,
    "wType": "ListBox",
    "zindex": 1
}