{
    "@class": "com.kony.gen.viz.model.container.KVizSegment2",
    "DNDConfig": null,
    "__parentReadjusting__": false,
    "_data_": [
        {
            "lblDesc": {
                "@class": "com.viz.ide.model.segment.SimpleTextSegmentData",
                "text": "Label"
            },
            "lblPubdate": {
                "@class": "com.viz.ide.model.segment.SimpleTextSegmentData",
                "text": "Label"
            },
            "lblTitle": {
                "@class": "com.viz.ide.model.segment.SimpleTextSegmentData",
                "text": "Label"
            }
        },
        {
            "lblDesc": {
                "@class": "com.viz.ide.model.segment.SimpleTextSegmentData",
                "text": "Label"
            },
            "lblPubdate": {
                "@class": "com.viz.ide.model.segment.SimpleTextSegmentData",
                "text": "Label"
            },
            "lblTitle": {
                "@class": "com.viz.ide.model.segment.SimpleTextSegmentData",
                "text": "Label"
            }
        },
        {
            "lblDesc": {
                "@class": "com.viz.ide.model.segment.SimpleTextSegmentData",
                "text": "Label"
            },
            "lblPubdate": {
                "@class": "com.viz.ide.model.segment.SimpleTextSegmentData",
                "text": "Label"
            },
            "lblTitle": {
                "@class": "com.viz.ide.model.segment.SimpleTextSegmentData",
                "text": "Label"
            }
        }
    ],
    "_height_": {
        "type": "string",
        "value": "75%"
    },
    "_indicator_": "none",
    "_margin_": [
        0,
        0,
        0,
        0
    ],
    "_orientation_": 2,
    "_padding_": [
        0,
        0,
        0,
        0
    ],
    "_top_": {
        "type": "string",
        "value": "5%"
    },
    "_width_": {
        "type": "string",
        "value": "95%"
    },
    "autogrowmode": 0,
    "canUpdateUI": true,
    "centerx": {
        "type": "string",
        "value": "50%"
    },
    "containerweight": 100,
    "counter": "02",
    "focusedindex": null,
    "focuseditem": null,
    "generatedtemplate": "b3aeaac2d680459c85eb65b98b7a3e72",
    "groupcells": false,
    "hasSections": false,
    "id": "segNews",
    "info": null,
    "ipad": {
        "psp": {
            "indicator": "rowselect"
        }
    },
    "iphone": {
        "psp": {
            "indicator": "rowselect"
        }
    },
    "isvisible": true,
    "kuid": "j3a61452064e4a59962b4ebd17660d61",
    "masterdata": {},
    "name": "kony.ui.SegmentedUI2",
    "needpageindicator": true,
    "pageoffdotimage": "pageoffdot.png",
    "pageondotimage": "pageondot.png",
    "paginationconfig": {
        "position": "bottom"
    },
    "parent": "frmNews",
    "pf": "frmNews",
    "retainselection": false,
    "rowTemplateId": "h3e4efb5641a462489f11f97a73e6c5d",
    "rowcounter": 2,
    "rowfocusskin": "s9880b89c8cc4ddbb950cdcaa334a994",
    "rowskin": "s6468e0a50ef41eebb1837f89d381ae9",
    "rowtemplate": "flexNewsArticles",
    "screenlevelwidget": false,
    "seccounter": 0,
    "sectionheaderskin": "sc4f09e8d9394367af33f816c936af39",
    "selectedRows": null,
    "selectedState": false,
    "selectedindex": null,
    "selectedindices": null,
    "selecteditems": null,
    "selectedsectionindex": 0,
    "selectionbehavior": "default",
    "separatorcolor": "64646464",
    "separatorrequired": true,
    "separatorthickness": 10,
    "showscrollbars": false,
    "viewtype": "tableview",
    "wType": "Segment",
    "widgetalignment": 5,
    "widgetdatamap": {
        "flexNewsArticles": "flexNewsArticles",
        "lblDesc": "lblDesc",
        "lblPubdate": "lblPubdate",
        "lblTitle": "lblTitle"
    },
    "zindex": 1
}