[ {
  "entityTypeId" : "1839e080-eeaa-436b-85ee-03c086a9ee5c",
  "id" : "2c6ff826-948a-4ddd-88ce-f7522e28b2f8",
  "name" : "desc",
  "sourceFieldname" : "desc",
  "description" : "desc",
  "dataType" : "string",
  "hasIndex" : false,
  "unique" : false,
  "primarykey" : false,
  "namefield" : false,
  "nullable" : true,
  "custom" : false,
  "createable" : true,
  "updateable" : true,
  "audit" : false,
  "customizable" : false,
  "fieldOrder" : 0,
  "fieldProperties" : {
    "autoGenerated" : "false"
  }
}, {
  "entityTypeId" : "1839e080-eeaa-436b-85ee-03c086a9ee5c",
  "id" : "c1c9fdc4-463f-44a8-a88d-157a7ac4976d",
  "name" : "foxDesc",
  "sourceFieldname" : "foxDesc",
  "description" : "foxDesc",
  "dataType" : "string",
  "hasIndex" : false,
  "unique" : false,
  "primarykey" : false,
  "namefield" : false,
  "nullable" : true,
  "custom" : false,
  "createable" : true,
  "updateable" : true,
  "audit" : false,
  "customizable" : false,
  "fieldOrder" : 0,
  "fieldProperties" : {
    "autoGenerated" : "false"
  }
}, {
  "entityTypeId" : "1839e080-eeaa-436b-85ee-03c086a9ee5c",
  "id" : "408a656e-951b-4994-b303-8e74e4b3d24e",
  "name" : "foxImage",
  "sourceFieldname" : "foxImage",
  "description" : "foxImage",
  "dataType" : "string",
  "hasIndex" : false,
  "unique" : false,
  "primarykey" : false,
  "namefield" : false,
  "nullable" : true,
  "custom" : false,
  "createable" : true,
  "updateable" : true,
  "audit" : false,
  "customizable" : false,
  "fieldOrder" : 0,
  "fieldProperties" : {
    "autoGenerated" : "false"
  }
}, {
  "entityTypeId" : "1839e080-eeaa-436b-85ee-03c086a9ee5c",
  "id" : "c02fe397-903d-4b7b-8dd3-1ee20ce8fb25",
  "name" : "link",
  "sourceFieldname" : "link",
  "description" : "link",
  "dataType" : "string",
  "hasIndex" : false,
  "unique" : false,
  "primarykey" : false,
  "namefield" : false,
  "nullable" : true,
  "custom" : false,
  "createable" : true,
  "updateable" : true,
  "audit" : false,
  "customizable" : false,
  "fieldOrder" : 0,
  "fieldProperties" : {
    "autoGenerated" : "false"
  }
}, {
  "entityTypeId" : "1839e080-eeaa-436b-85ee-03c086a9ee5c",
  "id" : "1be9f2b0-efff-487f-9a28-8a795cdc9c30",
  "name" : "media",
  "sourceFieldname" : "media",
  "description" : "media",
  "dataType" : "string",
  "hasIndex" : false,
  "unique" : false,
  "primarykey" : false,
  "namefield" : false,
  "nullable" : true,
  "custom" : false,
  "createable" : true,
  "updateable" : true,
  "audit" : false,
  "customizable" : false,
  "fieldOrder" : 0,
  "fieldProperties" : {
    "autoGenerated" : "false"
  }
}, {
  "entityTypeId" : "1839e080-eeaa-436b-85ee-03c086a9ee5c",
  "id" : "b6edf5d8-c8d6-42cd-974b-3df0aa088f3f",
  "name" : "newsType",
  "sourceFieldname" : "newsType",
  "description" : "newsType",
  "dataType" : "string",
  "hasIndex" : false,
  "unique" : false,
  "primarykey" : false,
  "namefield" : false,
  "nullable" : true,
  "custom" : false,
  "createable" : true,
  "updateable" : true,
  "audit" : false,
  "customizable" : false,
  "fieldOrder" : 0,
  "fieldProperties" : {
    "autoGenerated" : "false"
  }
}, {
  "entityTypeId" : "1839e080-eeaa-436b-85ee-03c086a9ee5c",
  "id" : "138cff00-b87a-4a58-be34-3447ca3189cd",
  "name" : "pubdate",
  "sourceFieldname" : "pubdate",
  "description" : "pubdate",
  "dataType" : "string",
  "hasIndex" : false,
  "unique" : false,
  "primarykey" : false,
  "namefield" : false,
  "nullable" : true,
  "custom" : false,
  "createable" : true,
  "updateable" : true,
  "audit" : false,
  "customizable" : false,
  "fieldOrder" : 0,
  "fieldProperties" : {
    "autoGenerated" : "false"
  }
}, {
  "entityTypeId" : "1839e080-eeaa-436b-85ee-03c086a9ee5c",
  "id" : "2f97f0ba-e2e8-47da-941b-a6f5a5e84bba",
  "name" : "thumbnail",
  "sourceFieldname" : "thumbnail",
  "description" : "thumbnail",
  "dataType" : "string",
  "hasIndex" : false,
  "unique" : false,
  "primarykey" : false,
  "namefield" : false,
  "nullable" : true,
  "custom" : false,
  "createable" : true,
  "updateable" : true,
  "audit" : false,
  "customizable" : false,
  "fieldOrder" : 0,
  "fieldProperties" : {
    "autoGenerated" : "false"
  }
}, {
  "entityTypeId" : "1839e080-eeaa-436b-85ee-03c086a9ee5c",
  "id" : "402f3db4-dbb2-4682-bbd4-c397fe080969",
  "name" : "title",
  "sourceFieldname" : "title",
  "description" : "title",
  "dataType" : "string",
  "hasIndex" : false,
  "unique" : false,
  "primarykey" : false,
  "namefield" : false,
  "nullable" : true,
  "custom" : false,
  "createable" : true,
  "updateable" : true,
  "audit" : false,
  "customizable" : false,
  "fieldOrder" : 0,
  "fieldProperties" : {
    "autoGenerated" : "false"
  }
} ]