{
    "DNDConfig": null,
    "_height_": {
        "type": "string",
        "value": "100dp"
    },
    "_margin_": [
        0,
        0,
        0,
        0
    ],
    "_orientation_": 6,
    "_padding_": [
        0,
        0,
        0,
        0
    ],
    "_percent_": true,
    "_width_": {
        "type": "string",
        "value": "100%"
    },
    "allboxes": [],
    "autogrowmode": 0,
    "canUpdateUI": true,
    "children": [
        "flexNewsArticles"
    ],
    "clipbounds": false,
    "containerId": true,
    "containerweight": 100,
    "controllerInfo": {
        "default": {
            "channel": "mobile",
            "name": "FBox0j73292e0dc994aController"
        }
    },
    "enablescrolling": true,
    "id": "FBox0j73292e0dc994a",
    "info": null,
    "isGeneratedTemplate": true,
    "isTemplate": true,
    "isvisible": true,
    "kuid": "b3aeaac2d680459c85eb65b98b7a3e72",
    "layouttype": 2,
    "name": "kony.ui.FlexContainer",
    "pf": "FBox0j73292e0dc994a",
    "snapgridsize": 10,
    "snaptogrid": true,
    "wType": "FlexContainer",
    "widgetalignment": 1
}