{
    "DNDConfig": null,
    "__parentReadjusting__": false,
    "_height_": {
        "type": "string",
        "value": "100dp"
    },
    "_left_": {
        "type": "string",
        "value": "0"
    },
    "_margin_": [
        0,
        0,
        0,
        0
    ],
    "_orientation_": 6,
    "_padding_": [
        0,
        0,
        0,
        0
    ],
    "_percent_": true,
    "_skin_": "s993161d5cc540339e754b56d8da8178",
    "_top_": {
        "type": "string",
        "value": "0"
    },
    "_width_": {
        "type": "string",
        "value": "100%"
    },
    "allboxes": [],
    "autogrowmode": 0,
    "canUpdateUI": true,
    "children": [
        "lblTitle",
        "lblDesc",
        "lblPubdate"
    ],
    "clipbounds": true,
    "containerId": true,
    "containerweight": 100,
    "enablescrolling": true,
    "id": "flexNewsArticles",
    "info": null,
    "isSegmentChild": true,
    "isvisible": true,
    "kuid": "e6537ae2d98b4f5081c11bc9a2fb5579",
    "layouttype": 4,
    "name": "kony.ui.FlexContainer",
    "parent": "FBox0j73292e0dc994a",
    "pf": "FBox0j73292e0dc994a",
    "snapgridsize": 10,
    "snaptogrid": true,
    "wType": "FlexContainer",
    "widgetalignment": 1
}