{
  "operationConfig" : {
    "name" : "getArticlesPublic7887",
    "type" : "MappedToBackend",
    "cachable" : false,
    "smsEnabled" : false,
    "security" : "public",
    "responseEncoding" : "UTF-8",
    "httpMethod" : "GET",
    "decodeResponseBody" : false,
    "odata" : [ {
      "id" : "$select",
      "dataType" : "string",
      "encode" : true,
      "accessType" : "readonly"
    }, {
      "id" : "$filter",
      "dataType" : "string",
      "encode" : true,
      "accessType" : "readonly"
    }, {
      "id" : "$orderby",
      "dataType" : "string",
      "encode" : true,
      "accessType" : "readonly"
    }, {
      "id" : "$top",
      "dataType" : "string",
      "encode" : true,
      "accessType" : "readonly"
    }, {
      "id" : "$skip",
      "dataType" : "string",
      "encode" : true,
      "accessType" : "readonly"
    }, {
      "id" : "$expand",
      "dataType" : "string",
      "encode" : true,
      "accessType" : "readonly"
    }, {
      "id" : "$batchsize",
      "dataType" : "string",
      "encode" : true,
      "accessType" : "readonly"
    }, {
      "id" : "$batchid",
      "dataType" : "string",
      "encode" : true,
      "accessType" : "readonly"
    } ],
    "iMapping" : "<?xml version=\"1.0\" encoding=\"UTF-8\" standalone=\"yes\"?><mapper xmlns=\"http://www.kony.com/ns/mapper\">          <map inputpath=\"request_in\" outputpath=\"request_out\">                    <set-param inputpath=\"newsType\" outputpath=\"newsType\"/>          </map></mapper>",
    "oMapping" : "<?xml version=\"1.0\" encoding=\"UTF-8\" standalone=\"yes\"?><mapper xmlns=\"http://www.kony.com/ns/mapper\">          <map inputpath=\"response_in\" outputpath=\"response_out\">                    <set-param inputpath=\"foxDesc\" outputpath=\"foxDesc\"/>                    <set-param inputpath=\"foxImage\" outputpath=\"foxImage\"/>                    <map inputpath=\"articles\" outputpath=\"articles\">    \t                        <set-param inputpath=\"title\" outputpath=\"title\"/>    \t                        <set-param inputpath=\"desc\" outputpath=\"desc\"/>    \t                        <set-param inputpath=\"pubdate\" outputpath=\"pubdate\"/>    \t                        <set-param inputpath=\"media\" outputpath=\"media\"/>    \t                        <set-param inputpath=\"thumbnail\" outputpath=\"thumbnail\"/>  \t                        <set-param inputpath=\"link\" outputpath=\"link\"/>  \t                </map>          </map></mapper>",
    "applyCommonMapping" : false,
    "backendMeta" : {
      "serviceVersion" : "1.0",
      "operationName" : "getArticlesPublic",
      "serviceName" : "FoxNews"
    },
    "relationshipHierarchyMapping" : {
      "children" : [ ],
      "name" : "News",
      "selected" : true
    },
    "requestXmlMappingOverride" : false,
    "responseXmlMappingOverride" : false
  }
}