{"FoxNews":{"getArticlesPublic":{"servicename":"FoxNews","serviceid":"07d579de-3892-45bc-b24e-a0872a9630b9","type":"integration","operationname":"getArticlesPublic","operationid":"2"},"getArticlesAnonymous":{"servicename":"FoxNews","serviceid":"07d579de-3892-45bc-b24e-a0872a9630b9","type":"integration","operationname":"getArticlesAnonymous","operationid":"3"},"getArticlesAuthenticatedAppUser":{"servicename":"FoxNews","serviceid":"07d579de-3892-45bc-b24e-a0872a9630b9","type":"integration","operationname":"getArticlesAuthenticatedAppUser","operationid":"4"}}}