{
    "NativeFunctionAPI": {
        "iOS": {},
        "Android": {
            "4.0": {
                "Kony_SyncV2-Android-4.0": {
                    "title": "Kony_SyncV2",
                    "platform": "Android",
                    "os": "4.0",
                    "url": "/Users/kh145/Kony/VisualizerEnterprise/80GA/KonyVisualizerEnterprise8/Kony_Visualizer_Enterprise/configuration/org.eclipse.osgi/bundles/458/1/.cp/resources/sdk/nativeBindings/Kony_SyncV2-Android-4.0.zip",
                    "filepath": "/Users/kh145/Kony/VisualizerEnterprise/80GA/workspace/FoxNewsMVC/nativebindings/Android/4.0/Kony_SyncV2-Android-4.0.zip",
                    "enable": true
                }
            }
        }
    }
}