{
    "APPLICATION_THEME": "default",
    "appaddrkey": "",
    "appidkey": "FoxNewsMVC",
    "appmenu": {
        "desktop": {
            "data": [
                {
                    "icon": {
                        "default": "option1.png"
                    },
                    "id": "appmenuitemid1",
                    "kuid": "fed24c89f6a0431696ea9cad8228dc3d",
                    "title": "Item 1"
                },
                {
                    "icon": {
                        "default": "option2.png"
                    },
                    "id": "appmenuitemid2",
                    "kuid": "c8b1c21a4d1e4668990e30e1621d9bce",
                    "title": "Item 2"
                },
                {
                    "icon": {
                        "default": "option3.png"
                    },
                    "id": "appmenuitemid3",
                    "kuid": "bcfa0f1717ed49dfa3d5eb404e041983",
                    "title": "Item 3"
                },
                {
                    "icon": {
                        "default": "option4.png"
                    },
                    "id": "appmenuitemid4",
                    "kuid": "cb12ebc30dab4ee981549040451e2b32",
                    "title": "Item 4"
                }
            ]
        },
        "focusSkin": null,
        "focusskin": null,
        "mobile": {
            "data": [
                {
                    "android": {
                        "showAsFlag": 0
                    },
                    "icon": {
                        "default": "option1.png"
                    },
                    "id": "appmenuitemid1",
                    "kuid": "efd2c37e4df349e58ff6502d17e74198",
                    "title": "Item 1"
                },
                {
                    "android": {
                        "showAsFlag": 0
                    },
                    "icon": {
                        "default": "option2.png"
                    },
                    "id": "appmenuitemid2",
                    "kuid": "f7a2c91137e94f4ba4ea419df13c89ee",
                    "title": "Item 2"
                },
                {
                    "android": {
                        "showAsFlag": 0
                    },
                    "icon": {
                        "default": "option3.png"
                    },
                    "id": "appmenuitemid3",
                    "kuid": "d860cf0e7db648e6bb0fa9e182ba86f7",
                    "title": "Item 3"
                },
                {
                    "android": {
                        "showAsFlag": 0
                    },
                    "icon": {
                        "default": "option4.png"
                    },
                    "id": "appmenuitemid4",
                    "kuid": "f68f3b7a3f68401b9a87eee748df9d1f",
                    "title": "Item 4"
                }
            ]
        },
        "osPlatform": "",
        "osVersion": "iOS7",
        "skin": null,
        "tablet": {
            "data": [
                {
                    "android": {
                        "showAsFlag": 0
                    },
                    "icon": {
                        "default": "option1.png"
                    },
                    "id": "appmenuitemid1",
                    "kuid": "b93992612f154d94b5db783823b5f5a8",
                    "title": "Item 1",
                    "windows8": {
                        "appBarButtonStyle": "No Style",
                        "position": "BOTTOM_LEFT"
                    }
                },
                {
                    "android": {
                        "showAsFlag": 0
                    },
                    "icon": {
                        "default": "option2.png"
                    },
                    "id": "appmenuitemid2",
                    "kuid": "ee8beeacd37746beb2a0aa9d155eb0ab",
                    "title": "Item 2",
                    "windows8": {
                        "appBarButtonStyle": "No Style",
                        "position": "BOTTOM_LEFT"
                    }
                },
                {
                    "android": {
                        "showAsFlag": 0
                    },
                    "icon": {
                        "default": "option3.png"
                    },
                    "id": "appmenuitemid3",
                    "kuid": "beca2f21c0b747ae9dc909938126a979",
                    "title": "Item 3",
                    "windows8": {
                        "appBarButtonStyle": "No Style",
                        "position": "BOTTOM_LEFT"
                    }
                },
                {
                    "android": {
                        "showAsFlag": 0
                    },
                    "icon": {
                        "default": "option4.png"
                    },
                    "id": "appmenuitemid4",
                    "kuid": "ic81e0fac2bc4fb0bb1b63f370442ef8",
                    "title": "Item 4",
                    "windows8": {
                        "appBarButtonStyle": "No Style",
                        "position": "BOTTOM_LEFT"
                    }
                }
            ]
        },
        "wType": "Appmenu"
    },
    "appnamekey": "FoxNewsMVC",
    "apppackagekey": "",
    "appversionkey": "1.0.0",
    "build": "debug",
    "category": "app",
    "createdVizVersion": "7.3.0",
    "createdgaversion": "7.3.0",
    "currentgaversion": "8.0.0",
    "defaulttheme": "defaultTheme",
    "isDpScaleFactor": true,
    "isMVC": true,
    "isNewAppWithRespectToAndroidPackageName": "",
    "konyVizVersion": "8.0.0",
    "mastersProperties": {
        "mastersVersion": "2.0.0"
    },
    "mfappguid": {
        "8d703cf3-02f1-4590-b77e-11804b0fb71d": "ae17014d-3341-43e3-ab4d-2d21d3233848",
        "df2e7233-4904-41c2-97d0-923a62269ca3": "dc844054-d0ef-4f3f-9b47-e9167d8efbcc",
        "dde09d15-b97d-4af6-b9ce-01133e3979f3": "9282896b-d68b-4cc7-a6f0-e31b5b9eaf8b"
    },
    "mwaddrkey": "",
    "mwhttpsportkey": "",
    "mwportkey": "",
    "nativeContainerProperties": {
        "isModified": false,
        "isEnableJSContainer": true,
        "isEnableJSContainerAndroid": true,
        "isEnableJSContaineriOS": false
    },
    "project.type": "js",
    "project_version": "sprint29",
    "referenceWidth": "375",
    "startupformkey": "baa90ddf0eef4a47826b344c72bd6cb2",
    "vendornamekey": "KonyLabs",
    "winmobileguidkey": "",
    "wap_bb400_fontsize": "12",
    "wap_bb360_fontsize": "12",
    "wap_spawindowstab_fontsize": "12",
    "wap_android360_fontsize": "12",
    "isA11yConfigEnabled": false,
    "wap_android440_fontsize": "12",
    "wap_android400_fontsize": "12",
    "wap_spaandroidtabhdpi_fontsize": "12",
    "cordovaVersionInfo": {
        "useGlobalCordova": false
    },
    "wap_bb320_fontsize": "12",
    "enableCordova": false,
    "wap_bb240_fontsize": "12",
    "enableIdForAutomation": false,
    "desktopwebbasefontsize": "12",
    "wap_android240_fontsize": "12",
    "wap_spaandroidtabldpi_fontsize": "12",
    "wap_spaandroidtabmdpi_fontsize": "12",
    "wap_bb480_fontsize": "12",
    "wap_winphone480_fontsize": "12",
    "wap_android640_fontsize": "12",
    "wap_android320_fontsize": "12",
    "wap_spaandroidtab_fontsize": "12",
    "wap_android480_fontsize": "12",
    "wap_winphone320_fontsize": "12",
    "wap_spaipad_fontsize": "12",
    "wap_ip_fontsize": "12",
    "cordovaModified": false,
    "wap_bb440_fontsize": "12",
    "watchos_shortlooknotificationicon_42": "",
    "statusBarHidden": "false",
    "watchos_longlooknotificationicon_42": "",
    "watchos_companionSettings3x29": "",
    "watchos_homeScreen40": "",
    "watchos_companionSettings2x29": "",
    "watchos_shortlooknotificationicon_38": "",
    "watchos_notificationcentericon_38": "",
    "watchos_notificationcentericon_42": "",
    "watchos_watchMarketing1x": "",
    "enableactionbar": false,
    "export.type": "studioviz"
}