{
    "android": {
        "font_name": "Helvetica",
        "font_size": 110,
        "isForked": false
    },
    "background_color": "535353ff",
    "bg_type": "one",
    "border_color": "454545ff",
    "border_style": "plain",
    "border_type": 0,
    "border_width": 0,
    "desktopweb": {
        "font_name": "Helvetica",
        "font_size": 110,
        "isForked": false
    },
    "fontSizeInPx": false,
    "font_color": "ffffffff",
    "font_name": "Helvetica",
    "font_size": 110,
    "font_style": "normal",
    "font_weight": "normal",
    "ipad": {
        "font_name": "Helvetica",
        "font_size": 110,
        "isForked": false
    },
    "iphone": {
        "font_name": "Helvetica-Light",
        "font_size": 110,
        "isForked": false
    },
    "isDefaultSkin": false,
    "kiosk": {
        "font_name": "GenericMonospace",
        "font_size": 110,
        "isForked": false
    },
    "kuid": "s0e85e31265947afbe3aeb554329c667",
    "spaan": {
        "font_name": "Helvetica",
        "font_size": 110,
        "isForked": false
    },
    "spaandroidtablet": {
        "font_name": "Helvetica",
        "font_size": 110,
        "isForked": false
    },
    "spabb": {
        "font_name": "Helvetica",
        "font_size": 110,
        "isForked": false
    },
    "spaip": {
        "font_name": "Helvetica",
        "font_size": 110,
        "isForked": false
    },
    "spaipad": {
        "font_name": "Helvetica",
        "font_size": 110,
        "isForked": false
    },
    "spawindowstablet": {
        "font_name": "Helvetica",
        "font_size": 110,
        "isForked": false
    },
    "spawinphone8": {
        "font_name": "Helvetica",
        "font_size": 110,
        "isForked": false
    },
    "tabrcandroid": {
        "font_name": "Helvetica",
        "font_size": 110,
        "isForked": false
    },
    "wType": "ListBox",
    "watchos": {
        "font_name": "Helvetica",
        "font_size": 110,
        "isForked": false
    },
    "windows8": {
        "font_name": "GenericMonospace",
        "font_size": 110,
        "isForked": false
    },
    "winphone8": {
        "font_name": "GenericMonospace",
        "font_size": 110,
        "isForked": false
    }
}