{
    "AS_ListBox_hd2f432212e14465a9c43e7851249b51": {
        "id": "AS_ListBox_hd2f432212e14465a9c43e7851249b51",
        "type": "ACTION_SEQUENCE",
        "params": [{
            "datatype": "collection",
            "name": "eventobject"
        }],
        "contextObj": {
            "name": "frmNews",
            "type": "forms",
            "platform": null,
            "KUID": "baa90ddf0eef4a47826b344c72bd6cb2"
        },
        "language": "js",
        "actions": [{
            "id": "ADD_SNIPPET__i0557086072342678a83e641dc4e74c0",
            "type": "ADD_SNIPPET",
            "codeSnippet": "this.fetchNews ();",
            "parentId": null,
            "callbackType": null
        }]
    }
}