{
    "DNDConfig": null,
    "_height_": {
        "type": "string",
        "value": "180dp"
    },
    "_margin_": [
        0,
        0,
        0,
        0
    ],
    "_orientation_": 6,
    "_padding_": [
        0,
        0,
        0,
        0
    ],
    "_percent_": true,
    "_skin_": "s993161d5cc540339e754b56d8da8178",
    "allboxes": [],
    "autogrowmode": 0,
    "canUpdateUI": true,
    "children": [
        "lblTitle",
        "lblDesc",
        "lblPubdate"
    ],
    "clipbounds": true,
    "containerId": true,
    "containerweight": 100,
    "controllerInfo": {
        "default": {
            "channel": "mobile",
            "name": "flexNewsArticlesController"
        }
    },
    "enablescrolling": true,
    "id": "flexNewsArticles",
    "info": null,
    "isTemplate": true,
    "isvisible": true,
    "kuid": "e78b332375fa4b3b932f4471fc292ca9",
    "layouttype": 4,
    "name": "kony.ui.FlexContainer",
    "parent": "tplNewsArticles",
    "pf": "tplNewsArticles",
    "snapgridsize": 10,
    "snaptogrid": true,
    "wType": "FlexContainer",
    "widgetalignment": 1
}