{
    "@class": "com.kony.gen.viz.model.container.KVizScrollFlexForm",
    "DNDConfig": null,
    "_margin_": [
        0,
        0,
        0,
        0
    ],
    "_orientation_": 1,
    "_padding_": [
        0,
        0,
        0,
        0
    ],
    "_percent_": true,
    "_skin_": "sa9760f988fd4565be8987a957b491dd",
    "_title_": null,
    "addWidgetsdone": false,
    "allboxes": [],
    "canUpdateUI": true,
    "children": [
        "flexNewsArticles"
    ],
    "containerId": true,
    "containerweight": 100,
    "currentLocale": "default",
    "device": "iPhone6",
    "displayorientation": 3,
    "enabledforidletimeout": false,
    "id": "tplNewsArticles",
    "info": null,
    "initdone": false,
    "inputaccessoryviewtype": 4,
    "intransitionconfig": {
        "formTransition": "None"
    },
    "isvisible": true,
    "kuid": "h3e4efb5641a462489f11f97a73e6c5d",
    "name": "kony.ui.Form2",
    "needappmenu": true,
    "outtransitionconfig": {
        "formTransition": "None"
    },
    "paddinginpixel": false,
    "platform": "iphone",
    "prevDevice": "iPhone6",
    "prevPlatform": "iphone",
    "retainscrollposition": false,
    "shellCSS": "iOS_iPhone6",
    "titleBarSkin": "sc97864b6ae34950a9c1ea35bbf6942c",
    "titlebar": true,
    "type": 3,
    "wType": "Form"
}